project	key	title	abstract	doi	decision	mode	exclusion_criteria	reviewer_count	is_shot
MPM4CPS	Bucaioni2018	MoVES: A Model-Driven Methodology for Vehicular Embedded Systems	This paper introduces a novel model-driven methodology for the software development of real-time distributed vehicular embedded systems on single- and multi-core platforms. The proposed methodology discloses the opportunity of improving the cost-efficiency of the development process by providing automated support to identify viable design solutions with respect to selected non-functional requirements. To this end, it leverages the interplay of modeling languages for the vehicular domain whose integration is achieved by a suite of model transformations. An instantiation of the methodology is discussed for timing requirements, which are among the most critical ones for vehicular systems. To support the design of temporally correct systems, cooperation between EAST-ADL and the Rubus component model is opportunely built-up by means of model transformations, enabling timing-aware design and model-based timing analysis of the system. The applicability of the methodology is demonstrated as the proof of concepts on industrial use cases performed in cooperation with our industrial partners.	http://dx.doi.org/10.1109/ACCESS.2018.2789400	Excluded	conflict_resolution	Outside of the SLR date range,Outside of the SLR date range	2	True
MPM4CPS	Carreira2011	The case for a systematic development of Building Automation Systems	It is widely acknowledged that Automated Demand Response (ADR) is a key factor for the success of the Smart Grid. However, for ADR to be realized to its full extent a new generation of Building Automation Systems (BASs) will have to be developed and the existing upgraded to leverage dynamic tariff plans and curtailment calls sent from the grid. It is well known that developing BASs is an involved matter, mostly because application software is costly to develop and maintain. In practice, this state of affairs is slowing the rise of innovative solutions for ADR. In recent years, software engineering practices such as Model-Driven Engineering have been proposed as a means to alleviate the problem of developing BASs, which we believe should be presented to the Smart Grid community. This article presents the main challenges of creating software for BASs (from a modelling perspective), overviews the state-of-the-art and presents an outlook on possible model-driven engineering techniques that can be effectively applied to significantly improve the development of BASs in the near future.	http://dx.doi.org/10.1109/ISGTEurope.2011.6162819	Included	new_screen		2	True
MPM4CPS	Chandra2015	Programming languages for Wireless Sensor Networks: A comparative study	Wireless Sensor Networks (WSNs) are highly coexisting, dynamic and application specific, as well as having resource constrained in nature, thus programming the sensor nodes is difficult when compared to traditional computer systems. It is most difficult task to build reliable and practical programming solutions or systems for distributed and resource-constrained wireless sensor devices. The objective of this research contribution is to present a comparative study in terms of programming approaches, its potentials and pitfalls.	https://ieeexplore.ieee.org/abstract/document/7100538/	Excluded	new_screen	Secondary study,Secondary study	2	False
MPM4CPS	Ciccozzi2016	UML-Based Development of Embedded Real-Time Software on Multi-Core in Practice: Lessons Learned and Future Perspectives	Model-driven engineering has got a foothold in industry as an effective way to tame the complexity of modern software, which is meant to run on embedded systems with real-time constraints by promoting abstraction, in terms of prescriptive models, and automation, in terms of model manipulations. In the plethora of modeling languages, the unified modeling language (UML) has emerged and established itself as a de facto standard in industry, the most widely used architectural description language and an ISO/IEC standard. In the SMARTCore project, we have provided solutions for the UML-based development of software to run on multicore embedded real-time systems with the specific focus of automating the generation of executable code and the optimization of task allocation based on a unique combination of model-based and execution-based mechanisms. In this paper, we describe the lessons learned in the research work carried out within SMARTCore and provide a set of perspectives that we consider to be highly relevant for the forthcoming future of this research area to enable a wider adoption of UML-based development in industry in general, and in the multicore embedded real-time domain in particular.	http://dx.doi.org/10.1109/ACCESS.2016.2604018	Included	new_screen		2	False
MPM4CPS	Courtney2009	An extensible tool for dependability, security, and performance evaluation of large and complex system models	Mobius 2.3 is an extensible dependability, security, and performance modeling environment for large-scale discrete-event systems. It provides multiple model formalisms and solution techniques, facilitating the representation of each part of a system in the formalism that is most appropriate for it, and the application of the solution method or methods best-suited to estimating the system's behavior. Since its initial release in 2001, many advances have been made in Moumlbius's design and implementation that have strengthened its place in the modeling and analysis community. With almost a decade of widespread academic and industrial use, Moumlbius has proven itself to be useful in a wide variety of modeling situations. This paper documents the current feature set of Mobius 2.3, emphasizing recent significant enhancements.	http://dx.doi.org/10.1109/DSN.2009.5270318	Included	conflict_resolution		2	False
MPM4CPS	Dang2009	Precise Model-Driven Transformations Based on Graphs and Metamodels	Presenting precisely models and supporting automatic manipulation of models are at the heart of model-centric software development. A formal foundation for these tasks is a necessity as well as a challenge. We present a model-driven approach based on the integration of two light-weight formal methods, the object constraint language (OCL) and triple graph grammars (TGGs). OCL together with metamodeling allows us to present precisely models. With TGGs we can carry out model manipulations, especially model transformations. We focus on explaining the tool which realizes our approach. This tool is developed as an extension of the UML-based specification environment (USE), which offers full OCL support. A case study showing the transformation between statecharts and extended hierarchical automata explains our approach.	http://dx.doi.org/10.1109/SEFM.2009.9	Included	conflict_resolution		2	False
MPM4CPS	Debreceni2017	Property-Based Locking in Collaborative Modeling	Large-scale model-driven engineering projects are carried out collaboratively. Enabling a high degree of concurrency is required to make the traditionally rigid development processes more agile. The increasing number of collaborators increases the probability of introducing conflicts which need to be resolved manually by the collaborators. In case of highly interdependent models, avoiding conflicts by the use of locks can save valuable time. However, traditional locking techniques such as fragment-based and object-based strategies may impose unnecessary restrictions on editing, which can decrease the efficiency of collaboration.In this paper, we propose a property-based locking approach that generalizes traditional locking techniques, and further allows more fine-grained locks in order to restrict modifications only when necessary. A lock is considered to be violated if a match appears or disappears for its associated graph pattern (formula), which captures the property of the model that the upcoming edit transaction can be freely executed. An initial evaluation has been carried out using a case study of the MONDO EU project.	http://dx.doi.org/10.1109/MODELS.2017.33	Excluded	new_screen	Papers that did not apply to research questions,Papers that did not apply to research questions	2	True
MPM4CPS	Derler2012	Modeling Cyber \#x2013;Physical Systems	This paper focuses on the challenges of modeling cyber-physical systems (CPSs) that arise from the intrinsic heterogeneity, concurrency, and sensitivity to timing of such systems. It uses a portion of an aircraft vehicle management system (VMS), specifically the fuel management subsystem, to illustrate the challenges, and then discusses technologies that at least partially address the challenges. Specific technologies described include hybrid system modeling and simulation, concurrent and heterogeneous models of computation, the use of domain-specific ontologies to enhance modularity, and the joint modeling of functionality and implementation architectures.	http://dx.doi.org/10.1109/JPROC.2011.2160929	Excluded	conflict_resolution	Informal literature and secondary/tertiary studies,Informal literature and secondary/tertiary studies	2	True
MPM4CPS	Fitzgerald2015	Cyber-Physical Systems Design: Formal Foundations, Methods and Integrated Tool Chains	The engineering of dependable cyber-physical systems (CPSs) is inherently collaborative, demanding cooperation between diverse disciplines. A goal of current research is the development of integrated tool chains for model-based CPS design that support co-modelling, analysis, co-simulation, testing and implementation. We discuss the role of formal methods in addressing three key aspects of this goal: providing reasoning support for semantically heterogeneous models, managing the complexity and scale of design space exploration, and supporting traceability and provenance in the CPS design set. We briefly outline an approach to the development of such a tool chain based on existing tools and discuss ongoing challenges and open research questions in this area.	http://dx.doi.org/10.1109/FormaliSE.2015.14	Included	new_screen		2	False
MPM4CPS	Fitzgerald2014	Co-modelling and co-simulation in the engineering of systems of cyber-physical systems	We consider the role of collaborative modelling and co-simulation in the design of systems of cyber-physical systems (SoCPSs). Such systems pose particular challenges to model-based SoS engineering through the need to address the semantic heterogeneity of models of physical phenomena alongside models of the computing elements. We describe an approach to multidisciplinary design in which discrete-event models of computing elements are coupled with continuous-time models of physical processes and the environment, allowing the exploration of a design space of alternative allocations of responsibility to cyber and physical elements. We consider, using a case study based on the design of a swarming application, the challenges to be addressed in scaling this approach up from embedded systems design to systems of cyber-physical systems.	http://dx.doi.org/10.1109/SYSOSE.2014.6892465	Included	new_screen		2	False
MPM4CPS	Fritzson2015	References	No Abstract.	http://dx.doi.org/10.1002/9781118989166.refs	Excluded	new_screen	Informal literature and secondary/tertiary studies,Informal literature and secondary/tertiary studies	2	False
MPM4CPS	Ganzha2017	From implicit semantics towards ontologies \#x2014; practical considerations from the INTER-IoT perspective	From the general SOA architectural pattern, through distributed computing based on Grids and Clouds, to the Internet of Things, the idea of collaboration between software entities, independent from their vendors and technologies, attracts much attention. This brings about a question: how to achieve interoperability among multiple (existing and upcoming) platforms/systems/applications. The context for the presented research is provided by the INTER-IoT project, which deals with different aspects of interoperability in the Internet of Things (IoT). It aims at the design and implementation of an open framework and associated methodology to provide interoperability among heterogeneous IoT platforms, across a software stack (devices, network, middleware, application services, data and semantics). We focus on the data and semantics layer. Specifically, the role of ontologies and semantic data processing, as means of achieving interoperability. However, since the vision of the Semantic Web remains mostly unfulfilled, semantics remains implicitly ``hidden'' data and in exchanged messages. Therefore, we are particularly interested in establishing what methods and tools exist to create OWL ontologies from implicitly expressed semantics. We focus on popular data formats i.e. XML, JSON, RDF, Relational Databases and NoSQL Databases.	http://dx.doi.org/10.1109/CCNC.2017.7983082	Included	new_screen		2	True
MPM4CPS	Grundy2013	Generating Domain-Specific Visual Language Tools from Abstract Visual Specifications	Domain-specific visual languages support high-level modeling for a wide range of application domains. However, building tools to support such languages is very challenging. We describe a set of key conceptual requirements for such tools and our approach to addressing these requirements, a set of visual language-based metatools. These support definition of metamodels, visual notations, views, modeling behaviors, design critics, and model transformations and provide a platform to realize target visual modeling tools. Extensions support collaborative work, human-centric tool interaction, and multiplatform deployment. We illustrate application of the metatoolset on tools developed with our approach. We describe tool developer and cognitive evaluations of our platform and our exemplar tools, and summarize key future research directions.	http://dx.doi.org/10.1109/TSE.2012.33	Excluded	new_screen	Papers that did not apply to research questions,Papers that did not apply to research questions	2	True
MPM4CPS	Herrera2015	Enhancing analysability and time predictability in UML/MARTE component-based application models	This paper presents how to integrate formally based models relying on the Synchronous Dataflow Model-of- Computation (MoC) in a UML/MARTE component-based application model. This model corresponds to a flexible and expressive modelling methodology, which facilitates finding and building an application model with the intended semantics, but does not help to ensure a strict fulfilment of functional and extrafunctional requirements. However, this capability has become a need in the context of modelling mixed-criticality applications. This paper shows how the component-based UML/MARTE models captured in such a flexible methodology can integrate parts transformable into synchronous data-flows. This formalism facilitates the analysis of the functional and extra-functional properties of such parts. Specifically, the paper shows a set of modelling patterns which can be translated into SDF counterparts. Relying on these patterns, a framework has been implemented which enables a bi-directional interoperability between the UML/MARTE models abiding the patterns and the formally-based ForSyDe methodology.	https://ieeexplore.ieee.org/abstract/document/7306365/	Included	new_screen		2	False
MPM4CPS	Herzig2017	Model-transformation-based computational design synthesis for mission architecture optimization	In this paper, a model-based approach to exploring the trade space of multi-spacecraft mission architectures is introduced. Missions involving multiple spacecraft are inherently more complex to design than traditional single spacecraft missions. This is particularly true for fractionated mission concepts, where spacecraft have diverse roles and distributed responsibilities, and fulfilling mission goals requires communication and collaboration. In practice, this complexity and the lack of computational models and tools limit design teams to consider small design spaces and force them to quickly fixate on a single mission design. However, design fixation at such early stages often leads to sub-optimal designs. Towards overcoming this limitation, we propose an automated approach to exploring and visualizing the trade space of multi-spacecraft mission architectures that aids users in decision making, and provides a basis for identifying solutions that are Pareto-optimal with respect to user-defined science requirements, technical and resource constraints, and mission objectives. Central to our approach is the automated synthesis and analysis of mission architecture alternatives from a set of user-provided functional requirements and mission goals, as well as a library of spacecraft components and analysis models. Design rules (synthesis knowledge) are provided in the form of model-transformation rules. Sequences of endogenous model transformations are applied in-place to produce sets of candidate solutions, thereby effectively searching the design space. The search process is guided by the specified objectives, and is implemented using evolutionary algorithms. We demonstrate our approach to architectural optimization using a simplified radio interferometry mission design as a case study. We conclude that using the proposed approach, the number and diversity of candidate mission architectures available for consideration can be significantly increased. Furthermore, the a- tomated synthesis and evaluation of mission architectures can lead to emergent and non-intuitive solutions to be discovered.	http://dx.doi.org/10.1109/AERO.2017.7943953	Included	conflict_resolution		2	False
MPM4CPS	Jarus2016	Models, metamodels, and model transformation for cyber-physical systems	One approach to increasing the sustainability of critical systems is to fortify them with cyber infrastructure that monitors the system, enables early diagnosis of faults, and provides decision support that facilitates greater efficacy. Modeling and analysis of the resulting cyber-physical systems is a significant challenge, as the physical and cyber infrastructures can be very different in time scales, complexity, and architecture. Model composition is a potential solution. Metamodeling seeks to facilitate model composition by providing methods for composing models of different types, including performance and dependability models, as well as methods for transforming one type of model to another. This paper describes the application of metamodeling to cyber-physical systems. Our proposed approach to model transformation is based on abstract interpretation, a program analysis technique. Models exist for disparate attributes of cyber-physical systems, but these models are typically domain-specific. We seek to map models from one physical domain to another, or to extract a model of one system attribute from a model of another attribute. This ability would considerably increase the utility of the existing body of knowledge on modeling of cyber-physicals systems.	http://dx.doi.org/10.1109/IGCC.2016.7892611	Included	new_screen		2	False
MPM4CPS	Khaitan2015	Design Techniques and Applications of Cyberphysical Systems: A Survey	Cyberphysical systems (CPSs) are new class of engineered systems that offer close interaction between cyber and physical components. The field of CPS has been identified as a key area of research, and CPSs are expected to play a major role in the design and development of future systems. In this paper, we survey recent advancements made in the development and applications of CPSs. We classify the existing research work based on their characteristics and identify the future challenges. We also discuss the examples of prototypes of CPSs. The aim of this survey is to enable researchers and system designers to get insights into the working and applications of CPSs and motivate them to propose novel solutions for making wide-scale adoption of CPS a tangible reality.	http://dx.doi.org/10.1109/JSYST.2014.2322503	Excluded	new_screen	Informal literature and secondary/tertiary studies,Secondary study	2	True
MPM4CPS	Koster2018	A Model Driven Approach for Eased Knowledge Storage and Retrieval in Interactive HRI Systems	Efficient storage and querying of long-term human-robot interaction data requires application developers to have an in-depth understanding of the involved domains. It is an error prone task that can immensely impact the interaction experience of humans with robots and artificial agents. In the development cycle of HRI applications, queries towards storage solutions are often created once, copied into according components, and are rarely revisited. Beyond possible syntactical errors (especially impacting query design time), any change in the underlying storage solution structure results in semantic errors at run time which are not easy to spot in existing applications. To address this issue, we present a model-driven software development approach to create a long-term storage system to be used in highly interactive HRI scenarios. We created multiple domain specific languages that allow us to model the domain and seamlessly embed its concepts into a query language. Along with corresponding model-to-model and model-to-text transformations we generate a fully integrated workbench facilitating data storage and retrieval. It supports developers in the query design process and allows in-tool query execution without the need to have prior in-depth knowledge of the domain. We evaluated our work in an extensive user study and can show that the generated tool yields multiple advantages compared to the usual query design approach.	http://dx.doi.org/10.1109/IRC.2018.00025	Excluded	conflict_resolution	Outside of the SLR date range,Outside of the SLR date range	2	False
MPM4CPS	Lee2011	Heterogeneous actor modeling	Complex systems demand diversity in the modeling mechanisms. This ``roadmap'' paper prescribes an approach to modeling based on concurrent communicating components (called actors), where a diversity of orchestration strategies govern the execution and interaction of the components. The prescribed approach has been extensively explored in the Ptolemy Project, but as yet is not widely deployed in engineering practice. The approach achieves interaction between diverse models using an abstract semantics, which is a deliberately incomplete semantics that cannot by itself define a useful modeling framework. It instead focuses on the interactions between diverse models, reducing the nature of those interactions to a minimum that achieves a well-defined composition. The actor semantics is an abstract semantics that can handle many heterogeneous models that are built today, and some that are not common today. The actor abstract semantics and many concrete semantics are implemented in Ptolemy II, an open-source software framework.	http://dx.doi.org/10.1145/2038642.2038646	Included	new_screen		2	False
MPM4CPS	Lee2011a	Component-based design for the future	The specific root causes of the design problems that are haunting system companies such as automotive and avionics companies are complex and relate to a number of issues ranging from design processes and relationships with different departments of the same company and with suppliers to incomplete requirement specification and testing. The issue is the need of a substantive evolution of the design methodology in use today in system companies. The issue to address is the understanding of the principles of system design, the necessary change to design methodologies, and the dynamics of the supply chain. Developing this understanding is necessary to define a sound approach to the needs of the system companies as they try to serve their customers better, to develop their products faster and with higher quality. An important approach to tackle these issues is component-based design.	http://dx.doi.org/10.1109/DATE.2011.5763168	Included	conflict_resolution		2	True
